speaker_gender,P(narrative)
male,0.06280631049140797
female,0.05204563887512179
x,0.04852668431288164
